Rank,Metropolitan Statistical Area,2015 Estimate,2010 Census,Change,Encompassing Combined Statistical Area1,"New York-Newark-Jersey City, NY-NJ-PA Metropolitan Statistical Area","20182305","19567410",3.14%,"New York-Newark, NY-NJ-CT-PA Combined Statistical Area"2,"Los Angeles-Long Beach-Anaheim, CA Metropolitan Statistical Area","13340068","12828837",3.99%,"Los Angeles-Long Beach, CA Combined Statistical Area"3,"Chicago-Naperville-Elgin, IL-IN-WI Metropolitan Statistical Area","9551031","9461105",0.95%,"Chicago-Naperville, IL-IN-WI Combined Statistical Area"4,"Dallas-Fort Worth-Arlington, TX Metropolitan Statistical Area","7102796","6426214",10.53%,"Dallas-Fort Worth, TX-OK Combined Statistical Area"5,"Houston-The Woodlands-Sugar Land, TX Metropolitan Statistical Area","6656947","5920416",12.44%,"Houston-The Woodlands, TX Combined Statistical Area"6,"Washington-Arlington-Alexandria, DC-VA-MD-WV Metropolitan Statistical Area","6097684","5636232",8.19%,"Washington-Baltimore-Arlington, DC-MD-VA-WV-PA Combined Statistical Area"7,"Philadelphia-Camden-Wilmington, PA-NJ-DE-MD Metropolitan Statistical Area","6069875","5965343",1.75%,"Philadelphia-Reading-Camden, PA-NJ-DE-MD Combined Statistical Area"8,"Miami-Fort Lauderdale-West Palm Beach, FL Metropolitan Statistical Area","6012331","5564635",8.05%,"Miami-Fort Lauderdale-Port St. Lucie, FL Combined Statistical Area"9,"Atlanta-Sandy Springs-Roswell, GA Metropolitan Statistical Area","5710795","5286728",8.02%,"Atlanta-Sandy Springs, GA Combined Statistical Area"10,"Boston-Cambridge-Newton, MA-NH Metropolitan Statistical Area","4774321","4552402",4.87%,"Boston-Worcester-Providence, MA-RI-NH-CT Combined Statistical Area"11,"San Francisco Oakland Hayward, CA Metropolitan Statistical Area","4656132","4335391",7.40%,"San Jose-San Francisco-Oakland, CA Combined Statistical Area"12,"Phoenix-Mesa-Scottsdale, AZ Metropolitan Statistical Area","4574531","4192887",9.10%,13,"Riverside-San Bernardino-Ontario, CA Metropolitan Statistical Area","4489159","4224851",6.26%,"Los Angeles-Long Beach, CA Combined Statistical Area"14,"Detroit-Warren-Dearborn, MI Metropolitan Statistical Area","4302043","4296250",0.13%,"Detroit-Warren-Ann Arbor, MI Combined Statistical Area"15,"Seattle-Tacoma-Bellevue, WA Metropolitan Statistical Area","3733580","3439809",8.54%,"Seattle-Tacoma, WA Combined Statistical Area"16,"Minneapolis-St. Paul-Bloomington, MN-WI Metropolitan Statistical Area","3524583","3348859",5.25%,"Minneapolis-St. Paul, MN-WI Combined Statistical Area"17,"San Diego-Carlsbad, CA Metropolitan Statistical Area","3299521","3095313",6.60%,18,"Tampa-St. Petersburg-Clearwater, FL Metropolitan Statistical Area","2975225","2783243",6.90%,19,"Denver-Aurora-Lakewood, CO Metropolitan Statistical Area","2814330","2543482",10.65%,"Denver-Aurora, CO Combined Statistical Area"20,"St. Louis, MO-IL Metropolitan Statistical Area","2811588","2787701",0.86%,"St. Louis-St. Charles-Farmington, MO-IL Combined Statistical Area"21,"Baltimore-Columbia-Towson, MD Metropolitan Statistical Area","2797407","2710489",3.21%,"Washington-Baltimore-Arlington, DC-MD-VA-WV-PA Combined Statistical Area"22,"Charlotte-Concord-Gastonia, NC-SC Metropolitan Statistical Area","2426363","2217012",9.44%,"Charlotte-Concord, NC-SC Combined Statistical Area"23,"Portland-Vancouver-Hillsboro, OR-WA Metropolitan Statistical Area","2389228","2226009",7.33%,"Portland-Vancouver-Salem, OR-WA Combined Statistical Area"24,"Orlando-Kissimmee-Sanford, FL Metropolitan Statistical Area","2387138","2134411",11.84%,"Orlando-Deltona-Daytona Beach, FL Combined Statistical Area"25,"San Antonio-New Braunfels, TX Metropolitan Statistical Area","2384075","2142508",11.27%,26,"Pittsburgh, PA Metropolitan Statistical Area","2353045","2356285",-0.14%,"Pittsburgh-New Castle-Weirton, PA-OH-WV Combined Statistical Area"27,"Sacramento Roseville Arden-Arcade, CA Metropolitan Statistical Area","2274194","2149127",5.82%,"Sacramento-Roseville, CA Combined Statistical Area"28,"Cincinnati, OH-KY-IN Metropolitan Statistical Area","2157719","2114580",2.04%,"Cincinnati-Wilmington-Maysville, OH-KY-IN Combined Statistical Area"29,"Las Vegas-Henderson-Paradise, NV Metropolitan Statistical Area","2114801","1951269",8.38%,"Las Vegas-Henderson, NV-AZ Combined Statistical Area"30,"Kansas City, MO-KS Metropolitan Statistical Area","2087471","2009342",3.89%,"Kansas City-Overland Park-Kansas City, MO-KS Combined Statistical Area"31,"Cleveland-Elyria, OH Metropolitan Statistical Area","2060810","2077240",-0.79%,"Cleveland-Akron-Canton, OH Combined Statistical Area"32,"Columbus, OH Metropolitan Statistical Area","2021632","1901974",6.29%,"Columbus-Marion-Zanesville, OH Combined Statistical Area"33,"Austin-Round Rock, TX Metropolitan Statistical Area","2000860","1716289",16.58%,34,"Indianapolis-Carmel-Anderson, IN Metropolitan Statistical Area","1988817","1887877",5.35%,"Indianapolis-Carmel-Muncie, IN Combined Statistical Area"35,"San Jose-Sunnyvale-Santa Clara, CA Metropolitan Statistical Area","1976836","1836911",7.62%,"San Jose-San Francisco-Oakland, CA Combined Statistical Area"36,"Nashville-Davidson Murfreesboro Franklin, TN Metropolitan Statistical Area","1830345","1670890",9.54%,"Nashville-Davidson Murfreesboro, TN Combined Statistical Area"37,"Virginia Beach-Norfolk-Newport News, VA-NC Metropolitan Statistical Area","1724876","1676822",2.87%,"Virginia Beach-Norfolk, VA-NC Combined Statistical Area"38,"Providence-Warwick, RI-MA Metropolitan Statistical Area","1613070","1600852",0.76%,"Boston-Worcester-Providence, MA-RI-NH-CT Combined Statistical Area"39,"Milwaukee-Waukesha-West Allis, WI Metropolitan Statistical Area","1575747","1555908",1.28%,"Milwaukee-Racine-Waukesha, WI Combined Statistical Area"40,"Jacksonville, FL Metropolitan Statistical Area","1449481","1345596",7.72%,"Jacksonville-St. Marys-Palatka, FL-GA Combined Statistical Area"41,"Oklahoma City, OK Metropolitan Statistical Area","1358452","1252987",8.42%,"Oklahoma City-Shawnee, OK Combined Statistical Area"42,"Memphis, TN-MS-AR Metropolitan Statistical Area","1344127","1324829",1.46%,"Memphis-Forrest City, TN-MS-AR Combined Statistical Area"43,"Louisville/Jefferson County, KY-IN Metropolitan Statistical Area","1278413","1235708",3.46%,"Louisville/Jefferson County Elizabethtown Madison, KY-IN Combined Statistical Area"44,"Raleigh, NC Metropolitan Statistical Area","1273568","1130490",12.66%,"Raleigh-Durham-Chapel Hill, NC Combined Statistical Area"45,"Richmond, VA Metropolitan Statistical Area","1271334","1208101",5.23%,46,"New Orleans-Metairie, LA Metropolitan Statistical Area","1262888","1189866",6.14%,"New Orleans-Metairie-Hammond, LA-MS Combined Statistical Area"47,"Hartford-West Hartford-East Hartford, CT Metropolitan Statistical Area","1211324","1212381",-0.09%,"Hartford-West Hartford, CT Combined Statistical Area"48,"Salt Lake City, UT Metropolitan Statistical Area","1170266","1087873",7.57%,"Salt Lake City-Provo-Orem, UT Combined Statistical Area"49,"Birmingham-Hoover, AL Metropolitan Statistical Area","1145647","1128047",1.56%,"Birmingham-Hoover-Talladega, AL Combined Statistical Area"50,"Buffalo-Cheektowaga-Niagara Falls, NY Metropolitan Statistical Area","1135230","1135509",-0.02%,"Buffalo-Cheektowaga, NY Combined Statistical Area"51,"Rochester, NY Metropolitan Statistical Area","1081954","1079671",0.21%,"Rochester-Batavia-Seneca Falls, NY Combined Statistical Area"52,"Grand Rapids-Wyoming, MI Metropolitan Statistical Area","1038583","988938",5.02%,"Grand Rapids-Wyoming-Muskegon, MI Combined Statistical Area"53,"Tucson, AZ Metropolitan Statistical Area","1010025","980263",3.04%,"Tucson-Nogales, AZ Combined Statistical Area"54,"Urban Honolulu, HI Metropolitan Statistical Area","998714","953207",4.77%,55,"Tulsa, OK Metropolitan Statistical Area","981005","937478",4.64%,"Tulsa-Muskogee-Bartlesville, OK Combined Statistical Area"56,"Fresno, CA Metropolitan Statistical Area","974861","930450",4.77%,"Fresno-Madera, CA Combined Statistical Area"57,"Bridgeport-Stamford-Norwalk, CT Metropolitan Statistical Area","948053","916829",3.41%,"New York-Newark, NY-NJ-CT-PA Combined Statistical Area"58,"Worcester, MA-CT Metropolitan Statistical Area","935536","916980",2.02%,"Boston-Worcester-Providence, MA-RI-NH-CT Combined Statistical Area"59,"Omaha-Council Bluffs, NE-IA Metropolitan Statistical Area","915312","865350",5.77%,"Omaha-Council Bluffs-Fremont, NE-IA Combined Statistical Area"60,"Albuquerque, NM Metropolitan Statistical Area","907301","887077",2.28%,"Albuquerque-Santa Fe-Las Vegas, NM Combined Statistical Area"61,"Bakersfield, CA Metropolitan Statistical Area","882176","839631",5.07%,62,"Albany-Schenectady-Troy, NY Metropolitan Statistical Area","881830","870716",1.28%,"Albany-Schenectady, NY Combined Statistical Area"63,"Greenville-Anderson-Mauldin, SC Metropolitan Statistical Area","874869","824112",6.16%,"Greenville-Spartanburg-Anderson, SC Combined Statistical Area"64,"Knoxville, TN Metropolitan Statistical Area","861424","837571",2.85%,"Knoxville-Morristown-Sevierville, TN Combined Statistical Area"65,"New Haven-Milford, CT Metropolitan Statistical Area","859470","862477",-0.35%,"New York-Newark, NY-NJ-CT-PA Combined Statistical Area"66,"Oxnard-Thousand Oaks-Ventura, CA Metropolitan Statistical Area","850536","823318",3.31%,"Los Angeles-Long Beach, CA Combined Statistical Area"67,"McAllen-Edinburg-Mission, TX Metropolitan Statistical Area","842304","774769",8.72%,"McAllen-Edinburg, TX Combined Statistical Area"68,"El Paso, TX Metropolitan Statistical Area","838972","804123",4.33%,"El Paso-Las Cruces, TX-NM Combined Statistical Area"69,"Allentown-Bethlehem-Easton, PA-NJ Metropolitan Statistical Area","832327","821173",1.36%,"New York-Newark, NY-NJ-CT-PA Combined Statistical Area"70,"Baton Rouge, LA Metropolitan Statistical Area","830480","802484",3.49%,71,"Columbia, SC Metropolitan Statistical Area","810068","767598",5.53%,"Columbia-Orangeburg-Newberry, SC Combined Statistical Area"72,"Dayton, OH Metropolitan Statistical Area","800909","799232",0.21%,"Dayton-Springfield-Sidney, OH Combined Statistical Area"73,"North Port-Sarasota-Bradenton, FL Metropolitan Statistical Area","768918","702281",9.49%,"North Port-Sarasota, FL Combined Statistical Area"74,"Greensboro-High Point, NC Metropolitan Statistical Area","752157","723801",3.92%,"Greensboro Winston-Salem High Point, NC Combined Statistical Area"75,"Charleston-North Charleston, SC Metropolitan Statistical Area","744526","664607",12.03%,76,"Little Rock-North Little Rock-Conway, AR Metropolitan Statistical Area","731612","699757",4.55%,"Little Rock-North Little Rock, AR Combined Statistical Area"77,"Stockton-Lodi, CA Metropolitan Statistical Area","726106","685306",5.95%,"San Jose-San Francisco-Oakland, CA Combined Statistical Area"78,"Akron, OH Metropolitan Statistical Area","704243","703200",0.15%,"Cleveland-Akron-Canton, OH Combined Statistical Area"79,"Cape Coral-Fort Myers, FL Metropolitan Statistical Area","701982","618754",13.45%,"Cape Coral-Fort Myers-Naples, FL Combined Statistical Area"80,"Colorado Springs, CO Metropolitan Statistical Area","697856","645613",8.09%,81,"Boise City, ID Metropolitan Statistical Area","676909","616561",9.79%,"Boise City-Mountain Home-Ontario, ID-OR Combined Statistical Area"82,"Syracuse, NY Metropolitan Statistical Area","660458","662577",-0.32%,"Syracuse-Auburn, NY Combined Statistical Area"83,"Winston-Salem, NC Metropolitan Statistical Area","659330","640595",2.92%,"Greensboro Winston-Salem High Point, NC Combined Statistical Area"84,"Lakeland-Winter Haven, FL Metropolitan Statistical Area","650092","602095",7.97%,85,"Toledo, OH Metropolitan Statistical Area","646833","651429",-0.71%,"Toledo-Port Clinton, OH Combined Statistical Area"86,"Wichita, KS Metropolitan Statistical Area","644610","630919",2.17%,"Wichita-Arkansas City-Winfield, KS Combined Statistical Area"87,"Ogden-Clearfield, UT Metropolitan Statistical Area","642850","597159",7.65%,"Salt Lake City-Provo-Orem, UT Combined Statistical Area"88,"Madison, WI Metropolitan Statistical Area","641385","605435",5.94%,"Madison-Janesville-Beloit, WI Combined Statistical Area"89,"Springfield, MA Metropolitan Statistical Area","631982","621570",1.68%,"Springfield-Greenfield Town, MA Combined Statistical Area"90,"Deltona-Daytona Beach-Ormond Beach, FL Metropolitan Statistical Area","623279","590289",5.59%,"Orlando-Deltona-Daytona Beach, FL Combined Statistical Area"91,"Des Moines-West Des Moines, IA Metropolitan Statistical Area","622899","569633",9.35%,"Des Moines-Ames-West Des Moines, IA Combined Statistical Area"92,"Augusta-Richmond County, GA-SC Metropolitan Statistical Area","590146","564873",4.47%,93,"Provo-Orem, UT Metropolitan Statistical Area","585799","526810",11.20%,"Salt Lake City-Provo-Orem, UT Combined Statistical Area"94,"Jackson, MS Metropolitan Statistical Area","578777","567122",2.06%,"Jackson-Vicksburg-Brookhaven, MS Combined Statistical Area"95,"Palm Bay-Melbourne-Titusville, FL Metropolitan Statistical Area","568088","543376",4.55%,96,"Harrisburg-Carlisle, PA Metropolitan Statistical Area","565006","549475",2.83%,"Harrisburg-York-Lebanon, PA Combined Statistical Area"97,"Scranton Wilkes-Barre Hazleton, PA Metropolitan Statistical Area","558166","563631",-0.97%,98,"Durham-Chapel Hill, NC Metropolitan Statistical Area","552493","504357",9.54%,"Raleigh-Durham-Chapel Hill, NC Combined Statistical Area"99,"Youngstown-Warren-Boardman, OH-PA Metropolitan Statistical Area","549885","565773",-2.81%,"Youngstown-Warren, OH-PA Combined Statistical Area"100,"Spokane-Spokane Valley, WA Metropolitan Statistical Area","547924","527753",3.82%,"Spokane-Spokane Valley-Coeur d'Alene, WA-ID Combined Statistical Area"101,"Chattanooga, TN-GA Metropolitan Statistical Area","547776","528143",3.72%,"Chattanooga-Cleveland-Dalton, TN-GA-AL Combined Statistical Area"102,"Modesto, CA Metropolitan Statistical Area","538388","514453",4.65%,"Modesto-Merced, CA Combined Statistical Area"103,"Lancaster, PA Metropolitan Statistical Area","536624","519445",3.31%,104,"Portland-South Portland, ME Metropolitan Statistical Area","526295","514098",2.37%,"Portland-Lewiston-South Portland, ME Combined Statistical Area"105,"Fayetteville-Springdale-Rogers, AR-MO Metropolitan Statistical Area","513559","463204",10.87%,106,"Santa Rosa, CA Metropolitan Statistical Area","502146","483878",3.78%,"San Jose-San Francisco-Oakland, CA Combined Statistical Area"107,"Lexington-Fayette, KY Metropolitan Statistical Area","500535","472099",6.02%,"Lexington-Fayette Richmond Frankfort, KY Combined Statistical Area"108,"Lafayette, LA Metropolitan Statistical Area","490488","466750",5.09%,"Lafayette-Opelousas-Morgan City, LA Combined Statistical Area"109,"Pensacola-Ferry Pass-Brent, FL Metropolitan Statistical Area","478043","448991",6.47%,110,"Lansing-East Lansing, MI Metropolitan Statistical Area","472276","464036",1.78%,"Lansing-East Lansing-Owosso, MI Combined Statistical Area"111,"Visalia-Porterville, CA Metropolitan Statistical Area","459863","442179",4.00%,"Visalia-Porterville-Hanford, CA Combined Statistical Area"112,"Springfield, MO Metropolitan Statistical Area","456456","436712",4.52%,"Springfield-Branson, MO Combined Statistical Area"113,"Port St. Lucie, FL Metropolitan Statistical Area","454846","424107",7.25%,"Miami-Fort Lauderdale-Port St. Lucie, FL Combined Statistical Area"114,"Corpus Christi, TX Metropolitan Statistical Area","452422","428185",5.66%,"Corpus Christi-Kingsville-Alice, TX Combined Statistical Area"115,"Reno, NV Metropolitan Statistical Area","450890","425417",5.99%,"Reno-Carson City-Fernley, NV Combined Statistical Area"116,"Asheville, NC Metropolitan Statistical Area","446840","424858",5.17%,"Asheville-Brevard, NC Combined Statistical Area"117,"Santa Maria-Santa Barbara, CA Metropolitan Statistical Area","444769","423895",4.92%,118,"Huntsville, AL Metropolitan Statistical Area","444752","417593",6.50%,"Huntsville-Decatur-Albertville, AL Combined Statistical Area"119,"Shreveport-Bossier City, LA Metropolitan Statistical Area","443708","439811",0.89%,120,"York-Hanover, PA Metropolitan Statistical Area","442867","434972",1.82%,"Harrisburg-York-Lebanon, PA Combined Statistical Area"121,"Vallejo-Fairfield, CA Metropolitan Statistical Area","436092","413344",5.50%,"San Jose-San Francisco-Oakland, CA Combined Statistical Area"122,"Salinas, CA Metropolitan Statistical Area","433898","415057",4.54%,123,"Myrtle Beach-Conway-North Myrtle Beach, SC-NC Metropolitan Statistical Area","431964","376722",14.66%,"Myrtle Beach-Conway, SC-NC Combined Statistical Area"124,"Killeen-Temple, TX Metropolitan Statistical Area","431032","405300",6.35%,125,"Fort Wayne, IN Metropolitan Statistical Area","429820","416257",3.26%,"Fort Wayne-Huntington-Auburn, IN Combined Statistical Area"126,"Brownsville-Harlingen, TX Metropolitan Statistical Area","422156","406220",3.92%,"Brownsville-Harlingen-Raymondville, TX Combined Statistical Area"127,"Mobile, AL Metropolitan Statistical Area","415395","412992",0.58%,"Mobile-Daphne-Fairhope, AL Combined Statistical Area"128,"Reading, PA Metropolitan Statistical Area","415271","411442",0.93%,"Philadelphia-Reading-Camden, PA-NJ-DE-MD Combined Statistical Area"129,"Flint, MI Metropolitan Statistical Area","410849","425790",-3.51%,"Detroit-Warren-Ann Arbor, MI Combined Statistical Area"130,"Salem, OR Metropolitan Statistical Area","410091","390738",4.95%,"Portland-Vancouver-Salem, OR-WA Combined Statistical Area"131,"Beaumont-Port Arthur, TX Metropolitan Statistical Area","408419","403190",1.30%,132,"Manchester-Nashua, NH Metropolitan Statistical Area","406678","400721",1.49%,"Boston-Worcester-Providence, MA-RI-NH-CT Combined Statistical Area"133,"Canton-Massillon, OH Metropolitan Statistical Area","402976","404422",-0.36%,"Cleveland-Akron-Canton, OH Combined Statistical Area"134,"Anchorage, AK Metropolitan Statistical Area","399790","380821",4.98%,135,"Salisbury, MD-DE Metropolitan Statistical Area","395300","373802",5.75%,136,"Gulfport-Biloxi-Pascagoula, MS Metropolitan Statistical Area","389255","370702",5.00%,137,"Davenport-Moline-Rock Island, IA-IL Metropolitan Statistical Area","383606","379690",1.03%,"Davenport-Moline, IA-IL Combined Statistical Area"138,"Savannah, GA Metropolitan Statistical Area","379199","347611",9.09%,"Savannah-Hinesville-Statesboro, GA Combined Statistical Area"139,"Peoria, IL Metropolitan Statistical Area","378018","379186",-0.31%,"Peoria-Canton, IL Combined Statistical Area"140,"Tallahassee, FL Metropolitan Statistical Area","377924","367413",2.86%,"Tallahassee-Bainbridge, FL-GA Combined Statistical Area"141,"Fayetteville, NC Metropolitan Statistical Area","376509","366383",2.76%,"Fayetteville-Lumberton-Laurinburg, NC Combined Statistical Area"142,"Montgomery, AL Metropolitan Statistical Area","373792","374536",-0.20%,143,"Trenton, NJ Metropolitan Statistical Area","371398","366513",1.33%,"New York-Newark, NY-NJ-CT-PA Combined Statistical Area"144,"Eugene, OR Metropolitan Statistical Area","362895","351715",3.18%,145,"Hickory-Lenoir-Morganton, NC Metropolitan Statistical Area","362510","365497",-0.82%,"Hickory-Lenoir, NC Combined Statistical Area"146,"Huntington-Ashland, WV-KY-OH Metropolitan Statistical Area","361580","364908",-0.91%,"Charleston-Huntington-Ashland, WV-OH-KY Combined Statistical Area"147,"Ann Arbor, MI Metropolitan Statistical Area","358880","344791",4.09%,"Detroit-Warren-Ann Arbor, MI Combined Statistical Area"148,"Naples-Immokalee-Marco Island, FL Metropolitan Statistical Area","357305","321520",11.13%,"Cape Coral-Fort Myers-Naples, FL Combined Statistical Area"149,"Ocala, FL Metropolitan Statistical Area","343254","331298",3.61%,150,"Rockford, IL Metropolitan Statistical Area","340663","349431",-2.51%,"Rockford-Freeport-Rochelle, IL Combined Statistical Area"151,"Kalamazoo-Portage, MI Metropolitan Statistical Area","335340","326589",2.68%,"Kalamazoo-Battle Creek-Portage, MI Combined Statistical Area"152,"Fort Collins, CO Metropolitan Statistical Area","333577","299630",11.33%,153,"Spartanburg, SC Metropolitan Statistical Area","325079","313268",3.77%,"Greenville-Spartanburg-Anderson, SC Combined Statistical Area"154,"Lincoln, NE Metropolitan Statistical Area","323578","302157",7.09%,"Lincoln-Beatrice, NE Combined Statistical Area"155,"South Bend-Mishawaka, IN-MI Metropolitan Statistical Area","320098","319224",0.27%,"South Bend-Elkhart-Mishawaka, IN-MI Combined Statistical Area"156,"Boulder, CO Metropolitan Statistical Area","319372","294567",8.42%,"Denver-Aurora, CO Combined Statistical Area"157,"Green Bay, WI Metropolitan Statistical Area","316519","306241",3.36%,"Green Bay-Shawano, WI Combined Statistical Area"158,"Evansville, IN-KY Metropolitan Statistical Area","315693","311552",1.33%,159,"Roanoke, VA Metropolitan Statistical Area","314560","308707",1.90%,160,"Columbus, GA-AL Metropolitan Statistical Area","313749","294865",6.40%,"Columbus-Auburn-Opelika, GA-AL Combined Statistical Area"161,"Lubbock, TX Metropolitan Statistical Area","311154","290805",7.00%,"Lubbock-Levelland, TX Combined Statistical Area"162,"Kingsport-Bristol-Bristol, TN-VA Metropolitan Statistical Area","307120","309544",-0.78%,"Johnson City-Kingsport-Bristol, TN-VA Combined Statistical Area"163,"Utica-Rome, NY Metropolitan Statistical Area","295600","299397",-1.27%,164,"Greeley, CO Metropolitan Statistical Area","285174","252825",12.80%,"Denver-Aurora, CO Combined Statistical Area"165,"San Luis Obispo-Paso Robles-Arroyo Grande, CA Metropolitan Statistical Area","281401","269637",4.36%,166,"Clarksville, TN-KY Metropolitan Statistical Area","281021","260625",7.83%,167,"Fort Smith, AR-OK Metropolitan Statistical Area","280241","280467",-0.08%,168,"Duluth, MN-WI Metropolitan Statistical Area","279601","279771",-0.06%,169,"Kennewick-Richland, WA Metropolitan Statistical Area","279116","253340",10.17%,170,"Erie, PA Metropolitan Statistical Area","278045","280566",-0.90%,"Erie-Meadville, PA Combined Statistical Area"171,"Wilmington, NC Metropolitan Statistical Area","277969","254884",9.06%,172,"Gainesville, FL Metropolitan Statistical Area","277163","264275",4.88%,"Gainesville-Lake City, FL Combined Statistical Area"173,"Atlantic City-Hammonton, NJ Metropolitan Statistical Area","274219","274549",-0.12%,"Philadelphia-Reading-Camden, PA-NJ-DE-MD Combined Statistical Area"174,"Santa Cruz-Watsonville, CA Metropolitan Statistical Area","274146","262382",4.48%,"San Jose-San Francisco-Oakland, CA Combined Statistical Area"175,"Norwich-New London, CT Metropolitan Statistical Area","271863","274055",-0.80%,"Hartford-West Hartford, CT Combined Statistical Area"176,"Laredo, TX Metropolitan Statistical Area","269721","250304",7.76%,177,"Olympia-Tumwater, WA Metropolitan Statistical Area","269536","252264",6.85%,"Seattle-Tacoma, WA Combined Statistical Area"178,"Merced, CA Metropolitan Statistical Area","268455","255793",4.95%,"Modesto-Merced, CA Combined Statistical Area"179,"Cedar Rapids, IA Metropolitan Statistical Area","266040","257940",3.14%,"Cedar Rapids-Iowa City, IA Combined Statistical Area"180,"Waco, TX Metropolitan Statistical Area","262813","252772",3.97%,181,"Crestview-Fort Walton Beach-Destin, FL Metropolitan Statistical Area","262172","235865",11.15%,182,"Amarillo, TX Metropolitan Statistical Area","262056","251933",4.02%,"Amarillo-Borger, TX Combined Statistical Area"183,"Hagerstown-Martinsburg, MD-WV Metropolitan Statistical Area","261486","251599",3.93%,"Washington-Baltimore-Arlington, DC-MD-VA-WV-PA Combined Statistical Area"184,"Bremerton-Silverdale, WA Metropolitan Statistical Area","260131","251133",3.58%,"Seattle-Tacoma, WA Combined Statistical Area"185,"Lynchburg, VA Metropolitan Statistical Area","259950","252634",2.90%,186,"Sioux Falls, SD Metropolitan Statistical Area","251854","228261",10.34%,187,"College Station-Bryan, TX Metropolitan Statistical Area","249156","228660",8.96%,188,"Yakima, WA Metropolitan Statistical Area","248830","243231",2.30%,189,"Binghamton, NY Metropolitan Statistical Area","246020","251725",-2.27%,190,"Tuscaloosa, AL Metropolitan Statistical Area","239908","230162",4.23%,191,"Champaign-Urbana, IL Metropolitan Statistical Area","238984","231891",3.06%,192,"Fargo, ND-MN Metropolitan Statistical Area","233836","208777",12.00%,"Fargo-Wahpeton, ND-MN Combined Statistical Area"193,"Topeka, KS Metropolitan Statistical Area","233791","233870",-0.03%,194,"Appleton, WI Metropolitan Statistical Area","233007","225666",3.25%,"Appleton-Oshkosh-Neenah, WI Combined Statistical Area"195,"Macon, GA Metropolitan Statistical Area","230096","232293",-0.95%,"Macon-Warner Robins, GA Combined Statistical Area"196,"Charlottesville, VA Metropolitan Statistical Area","229514","218705",4.94%,197,"Chico, CA Metropolitan Statistical Area","225411","220000",2.46%,198,"Tyler, TX Metropolitan Statistical Area","222936","209714",6.30%,"Tyler-Jacksonville, TX Combined Statistical Area"199,"Prescott, AZ Metropolitan Statistical Area","222255","211033",5.32%,200,"Charleston, WV Metropolitan Statistical Area","220614","227078",-2.85%,"Charleston-Huntington-Ashland, WV-OH-KY Combined Statistical Area"201,"Longview, TX Metropolitan Statistical Area","217781","214369",1.59%,"Longview-Marshall, TX Combined Statistical Area"202,"Burlington-South Burlington, VT Metropolitan Statistical Area","214363","211261",1.47%,203,"Lafayette-West Lafayette, IN Metropolitan Statistical Area","214363","201789",6.23%,"Lafayette-West Lafayette-Frankfort, IN Combined Statistical Area"204,"Barnstable Town, MA Metropolitan Statistical Area","214333","215888",-0.72%,"Boston-Worcester-Providence, MA-RI-NH-CT Combined Statistical Area"205,"Las Cruces, NM Metropolitan Statistical Area","214295","209233",2.42%,"El Paso-Las Cruces, TX-NM Combined Statistical Area"206,"Rochester, MN Metropolitan Statistical Area","213873","206877",3.38%,"Rochester-Austin, MN Combined Statistical Area"207,"Medford, OR Metropolitan Statistical Area","212567","203206",4.61%,"Medford-Grants Pass, OR Combined Statistical Area"208,"Houma-Thibodaux, LA Metropolitan Statistical Area","212297","208178",1.98%,209,"Bellingham, WA Metropolitan Statistical Area","212284","201140",5.54%,210,"Springfield, IL Metropolitan Statistical Area","211156","210170",0.47%,"Springfield-Jacksonville-Lincoln, IL Combined Statistical Area"211,"Hilton Head Island-Bluffton-Beaufort, SC Metropolitan Statistical Area","207413","187010",10.91%,212,"Florence, SC Metropolitan Statistical Area","206448","205566",0.43%,213,"Lake Charles, LA Metropolitan Statistical Area","205605","199607",3.00%,214,"Lake Havasu City-Kingman, AZ Metropolitan Statistical Area","204737","200186",2.27%,"Las Vegas-Henderson, NV-AZ Combined Statistical Area"215,"Yuma, AZ Metropolitan Statistical Area","204275","195751",4.35%,216,"Daphne-Fairhope-Foley, AL Metropolitan Statistical Area","203709","182265",11.77%,"Mobile-Daphne-Fairhope, AL Combined Statistical Area"217,"Elkhart-Goshen, IN Metropolitan Statistical Area","203474","197559",2.99%,"South Bend-Elkhart-Mishawaka, IN-MI Combined Statistical Area"218,"Athens-Clarke County, GA Metropolitan Statistical Area","203189","192541",5.53%,"Atlanta Athens-Clarke County Sandy Springs, GA Combined Statistical Area"219,"Johnson City, TN Metropolitan Statistical Area","200648","198716",0.97%,"Johnson City-Kingsport-Bristol, TN-VA Combined Statistical Area"220,"Panama City, FL Metropolitan Statistical Area","197506","184715",6.92%,221,"Racine, WI Metropolitan Statistical Area","195080","195408",-0.17%,"Milwaukee-Racine-Waukesha, WI Combined Statistical Area"222,"St. Cloud, MN Metropolitan Statistical Area","194418","189093",2.82%,"Minneapolis-St. Paul, MN-WI Combined Statistical Area"223,"Gainesville, GA Metropolitan Statistical Area","193535","179684",7.71%,"Atlanta Athens-Clarke County Sandy Springs, GA Combined Statistical Area"224,"Saginaw, MI Metropolitan Statistical Area","193307","200169",-3.43%,"Saginaw-Midland-Bay City, MI Combined Statistical Area"225,"Bloomington, IL Metropolitan Statistical Area","189413","186133",1.76%,"Bloomington-Pontiac, IL Combined Statistical Area"226,"Warner Robins, GA Metropolitan Statistical Area","188149","179605",4.76%,"Macon-Warner Robins, GA Combined Statistical Area"227,"Jacksonville, NC Metropolitan Statistical Area","186311","177772",4.80%,228,"Blacksburg-Christiansburg-Radford, VA Metropolitan Statistical Area","181747","178237",1.97%,229,"El Centro, CA Metropolitan Statistical Area","180191","174528",3.24%,230,"Kingston, NY Metropolitan Statistical Area","180143","182493",-1.29%,"New York-Newark, NY-NJ-CT-PA Combined Statistical Area"231,"Redding, CA Metropolitan Statistical Area","179533","177223",1.30%,"Redding-Red Bluff, CA Combined Statistical Area"232,"Monroe, LA Metropolitan Statistical Area","179238","176441",1.59%,"Monroe-Ruston-Bastrop, LA Combined Statistical Area"233,"Joplin, MO Metropolitan Statistical Area","177211","175518",0.96%,"Joplin-Miami, MO-OK Combined Statistical Area"234,"Greenville, NC Metropolitan Statistical Area","175842","168148",4.58%,"Greenville-Washington, NC Combined Statistical Area"235,"Bend-Redmond, OR Metropolitan Statistical Area","175268","157733",11.12%,"Bend-Redmond-Prineville, OR Combined Statistical Area"236,"Columbia, MO Metropolitan Statistical Area","174974","162642",7.58%,"Columbia-Moberly-Mexico, MO Combined Statistical Area"237,"Dover, DE Metropolitan Statistical Area","173533","162310",6.91%,"Philadelphia-Reading-Camden, PA-NJ-DE-MD Combined Statistical Area"238,"Punta Gorda, FL Metropolitan Statistical Area","173115","159978",8.21%,"North Port-Sarasota, FL Combined Statistical Area"239,"Muskegon, MI Metropolitan Statistical Area","172790","172188",0.35%,"Grand Rapids-Wyoming-Muskegon, MI Combined Statistical Area"240,"Terre Haute, IN Metropolitan Statistical Area","171019","172425",-0.82%,241,"Yuba City, CA Metropolitan Statistical Area","170955","166892",2.43%,"Sacramento-Roseville, CA Combined Statistical Area"242,"Waterloo-Cedar Falls, IA Metropolitan Statistical Area","170612","167819",1.66%,243,"Abilene, TX Metropolitan Statistical Area","169578","165252",2.62%,244,"Oshkosh-Neenah, WI Metropolitan Statistical Area","169546","166994",1.53%,"Appleton-Oshkosh-Neenah, WI Combined Statistical Area"245,"Sioux City, IA-NE-SD Metropolitan Statistical Area","169069","168563",0.30%,"Sioux City-Vermillion, IA-SD-NE Combined Statistical Area"246,"Bowling Green, KY Metropolitan Statistical Area","168436","158599",6.20%,"Bowling Green-Glasgow, KY Combined Statistical Area"247,"Billings, MT Metropolitan Statistical Area","168283","158934",5.88%,248,"Midland, TX Metropolitan Statistical Area","166718","141671",17.68%,"Midland-Odessa, TX Combined Statistical Area"249,"Iowa City, IA Metropolitan Statistical Area","166498","152586",9.12%,"Cedar Rapids-Iowa City, IA Combined Statistical Area"250,"East Stroudsburg, PA Metropolitan Statistical Area","166397","169842",-2.03%,"New York-Newark, NY-NJ-CT-PA Combined Statistical Area"251,"Eau Claire, WI Metropolitan Statistical Area","165636","161151",2.78%,"Eau Claire-Menomonie, WI Combined Statistical Area"252,"Bloomington, IN Metropolitan Statistical Area","165577","159549",3.78%,"Bloomington-Bedford, IN Combined Statistical Area"253,"Kahului-Wailuku-Lahaina, HI Metropolitan Statistical Area","164726","154924",6.33%,254,"Pueblo, CO Metropolitan Statistical Area","163591","159063",2.85%,"Pueblo-Cañon City, CO Combined Statistical Area"255,"Janesville-Beloit, WI Metropolitan Statistical Area","161448","160331",0.70%,"Madison-Janesville-Beloit, WI Combined Statistical Area"256,"State College, PA Metropolitan Statistical Area","160580","153990",4.28%,"State College-DuBois, PA Combined Statistical Area"257,"Jackson, MI Metropolitan Statistical Area","159494","160248",-0.47%,258,"Odessa, TX Metropolitan Statistical Area","159436","137130",16.27%,"Midland-Odessa, TX Combined Statistical Area"259,"Burlington, NC Metropolitan Statistical Area","158276","151131",4.73%,"Greensboro Winston-Salem High Point, NC Combined Statistical Area"260,"Auburn-Opelika, AL Metropolitan Statistical Area","156993","140247",11.94%,"Columbus-Auburn-Opelika, GA-AL Combined Statistical Area"261,"Vineland-Bridgeton, NJ Metropolitan Statistical Area","155854","156898",-0.67%,"Philadelphia-Reading-Camden, PA-NJ-DE-MD Combined Statistical Area"262,"St. George, UT Metropolitan Statistical Area","155602","138115",12.66%,263,"Madera, CA Metropolitan Statistical Area","154998","150865",2.74%,"Fresno-Madera, CA Combined Statistical Area"264,"Niles-Benton Harbor, MI Metropolitan Statistical Area","154636","156813",-1.39%,"South Bend-Elkhart-Mishawaka, IN-MI Combined Statistical Area"265,"Alexandria, LA Metropolitan Statistical Area","154484","153922",0.37%,266,"Chambersburg-Waynesboro, PA Metropolitan Statistical Area","153638","149618",2.69%,"Washington-Baltimore-Arlington, DC-MD-VA-WV-PA Combined Statistical Area"267,"Albany, GA Metropolitan Statistical Area","153526","157308",-2.40%,268,"Bangor, ME Metropolitan Statistical Area","152692","153923",-0.80%,269,"Decatur, AL Metropolitan Statistical Area","152680","153829",-0.75%,"Huntsville-Decatur-Albertville, AL Combined Statistical Area"270,"Jefferson City, MO Metropolitan Statistical Area","151145","149807",0.89%,271,"Hanford-Corcoran, CA Metropolitan Statistical Area","150965","152982",-1.32%,"Visalia-Porterville-Hanford, CA Combined Statistical Area"272,"Wichita Falls, TX Metropolitan Statistical Area","150780","151306",-0.35%,273,"Coeur d'Alene, ID Metropolitan Statistical Area","150346","138494",8.56%,"Spokane-Spokane Valley-Coeur d'Alene, WA-ID Combined Statistical Area"274,"Texarkana, TX-AR Metropolitan Statistical Area","149769","149198",0.38%,275,"Monroe, MI Metropolitan Statistical Area","149568","152021",-1.61%,"Detroit-Warren-Ann Arbor, MI Combined Statistical Area"276,"Hattiesburg, MS Metropolitan Statistical Area","148839","142842",4.20%,277,"Santa Fe, NM Metropolitan Statistical Area","148686","144170",3.13%,"Albuquerque-Santa Fe-Las Vegas, NM Combined Statistical Area"278,"Elizabethtown-Fort Knox, KY Metropolitan Statistical Area","148604","148338",0.18%,"Louisville/Jefferson County Elizabethtown Madison, KY-IN Combined Statistical Area"279,"Grand Junction, CO Metropolitan Statistical Area","148513","146723",1.22%,280,"Dothan, AL Metropolitan Statistical Area","148171","145639",1.74%,"Dothan-Enterprise-Ozark, AL Combined Statistical Area"281,"Rocky Mount, NC Metropolitan Statistical Area","148069","152392",-2.84%,"Rocky Mount-Wilson-Roanoke Rapids, NC Combined Statistical Area"282,"Sebastian-Vero Beach, FL Metropolitan Statistical Area","147919","138028",7.17%,"Miami-Fort Lauderdale-Port St. Lucie, FL Combined Statistical Area"283,"Florence-Muscle Shoals, AL Metropolitan Statistical Area","146950","147137",-0.13%,284,"Wheeling, WV-OH Metropolitan Statistical Area","144198","147950",-2.54%,285,"Rapid City, SD Metropolitan Statistical Area","144134","134598",7.08%,"Rapid City-Spearfish, SD Combined Statistical Area"286,"Dalton, GA Metropolitan Statistical Area","143781","142227",1.09%,"Chattanooga-Cleveland-Dalton, TN-GA-AL Combined Statistical Area"287,"Valdosta, GA Metropolitan Statistical Area","142875","139588",2.35%,288,"Napa, CA Metropolitan Statistical Area","142456","136484",4.38%,"San Jose-San Francisco-Oakland, CA Combined Statistical Area"289,"Homosassa Springs, FL Metropolitan Statistical Area","141058","141236",-0.13%,290,"Idaho Falls, ID Metropolitan Statistical Area","139747","133265",4.86%,"Idaho Falls-Rexburg-Blackfoot, ID Combined Statistical Area"291,"Flagstaff, AZ Metropolitan Statistical Area","139097","134421",3.48%,292,"Morgantown, WV Metropolitan Statistical Area","138176","129709",6.53%,"Morgantown-Fairmont, WV Combined Statistical Area"293,"Lebanon, PA Metropolitan Statistical Area","137067","133568",2.62%,"Harrisburg-York-Lebanon, PA Combined Statistical Area"294,"La Crosse-Onalaska, WI-MN Metropolitan Statistical Area","136985","133665",2.48%,295,"Johnstown, PA Metropolitan Statistical Area","136411","143679",-5.06%,"Johnstown-Somerset, PA Combined Statistical Area"296,"Springfield, OH Metropolitan Statistical Area","135959","138333",-1.72%,"Dayton-Springfield-Sidney, OH Combined Statistical Area"297,"Wausau, WI Metropolitan Statistical Area","135868","134063",1.35%,"Wausau-Stevens Point-Wisconsin Rapids, WI Combined Statistical Area"298,"Battle Creek, MI Metropolitan Statistical Area","134314","136146",-1.35%,"Kalamazoo-Battle Creek-Portage, MI Combined Statistical Area"299,"Logan, UT-ID Metropolitan Statistical Area","133857","125442",6.71%,300,"Winchester, VA-WV Metropolitan Statistical Area","133836","128472",4.18%,"Washington-Baltimore-Arlington, DC-MD-VA-WV-PA Combined Statistical Area"301,"Harrisonburg, VA Metropolitan Statistical Area","131131","125228",4.71%,"Harrisonburg-Staunton-Waynesboro, VA Combined Statistical Area"302,"Lawton, OK Metropolitan Statistical Area","130644","130291",0.27%,303,"Jackson, TN Metropolitan Statistical Area","129682","130011",-0.25%,304,"Bismarck, ND Metropolitan Statistical Area","129517","114778",12.84%,305,"Hammond, LA Metropolitan Statistical Area","128755","121097",6.32%,"New Orleans-Metairie-Hammond, LA-MS Combined Statistical Area"306,"Jonesboro, AR Metropolitan Statistical Area","128394","121026",6.09%,"Jonesboro-Paragould, AR Combined Statistical Area"307,"Pittsfield, MA Metropolitan Statistical Area","127828","131219",-2.58%,308,"Glens Falls, NY Metropolitan Statistical Area","126918","128923",-1.56%,"Albany-Schenectady, NY Combined Statistical Area"309,"St. Joseph, MO-KS Metropolitan Statistical Area","126880","127329",-0.35%,"Kansas City-Overland Park-Kansas City, MO-KS Combined Statistical Area"310,"Carbondale-Marion, IL Metropolitan Statistical Area","126828","126575",0.20%,311,"Sierra Vista-Douglas, AZ Metropolitan Statistical Area","126427","131346",-3.75%,312,"New Bern, NC Metropolitan Statistical Area","126245","126802",-0.44%,"New Bern-Morehead City, NC Combined Statistical Area"313,"Altoona, PA Metropolitan Statistical Area","125593","127089",-1.18%,314,"Sherman-Denison, TX Metropolitan Statistical Area","125467","120877",3.80%,"Dallas-Fort Worth, TX-OK Combined Statistical Area"315,"Goldsboro, NC Metropolitan Statistical Area","124132","122623",1.23%,316,"Beckley, WV Metropolitan Statistical Area","122507","124898",-1.91%,317,"Mount Vernon-Anacortes, WA Metropolitan Statistical Area","121846","116901",4.23%,"Seattle-Tacoma, WA Combined Statistical Area"318,"Mansfield, OH Metropolitan Statistical Area","121707","124475",-2.22%,"Mansfield-Ashland-Bucyrus, OH Combined Statistical Area"319,"Cleveland, TN Metropolitan Statistical Area","120864","115788",4.38%,"Chattanooga-Cleveland-Dalton, TN-GA-AL Combined Statistical Area"320,"Albany, OR Metropolitan Statistical Area","120547","116672",3.32%,"Portland-Vancouver-Salem, OR-WA Combined Statistical Area"321,"Weirton-Steubenville, WV-OH Metropolitan Statistical Area","120512","124454",-3.17%,"Pittsburgh-New Castle-Weirton, PA-OH-WV Combined Statistical Area"322,"Staunton-Waynesboro, VA Metropolitan Statistical Area","120512","118502",1.70%,"Harrisonburg-Staunton-Waynesboro, VA Combined Statistical Area"323,"San Angelo, TX Metropolitan Statistical Area","119659","111823",7.01%,324,"The Villages, FL Metropolitan Statistical Area","118891","93420",27.27%,"Orlando-Deltona-Daytona Beach, FL Combined Statistical Area"325,"Farmington, NM Metropolitan Statistical Area","118737","130044",-8.69%,326,"Lawrence, KS Metropolitan Statistical Area","118053","110826",6.52%,"Kansas City-Overland Park-Kansas City, MO-KS Combined Statistical Area"327,"Watertown-Fort Drum, NY Metropolitan Statistical Area","117635","116229",1.21%,328,"Owensboro, KY Metropolitan Statistical Area","117463","114752",2.36%,329,"Muncie, IN Metropolitan Statistical Area","116852","117671",-0.70%,"Indianapolis-Carmel-Muncie, IN Combined Statistical Area"330,"Morristown, TN Metropolitan Statistical Area","116642","113951",2.36%,"Knoxville-Morristown-Sevierville, TN Combined Statistical Area"331,"Wenatchee, WA Metropolitan Statistical Area","116178","110884",4.77%,332,"Williamsport, PA Metropolitan Statistical Area","116048","116111",-0.05%,"Williamsport-Lock Haven, PA Combined Statistical Area"333,"Brunswick, GA Metropolitan Statistical Area","116003","112370",3.23%,334,"Anniston-Oxford-Jacksonville, AL Metropolitan Statistical Area","115620","118572",-2.49%,335,"Sheboygan, WI Metropolitan Statistical Area","115569","115507",0.05%,336,"Missoula, MT Metropolitan Statistical Area","114181","109299",4.47%,337,"California-Lexington Park, MD Metropolitan Statistical Area","111413","105151",5.96%,"Washington-Baltimore-Arlington, DC-MD-VA-WV-PA Combined Statistical Area"338,"Michigan City-La Porte, IN Metropolitan Statistical Area","110884","111467",-0.52%,"Chicago-Naperville, IL-IN-WI Combined Statistical Area"339,"Kankakee, IL Metropolitan Statistical Area","110879","113449",-2.27%,"Chicago-Naperville, IL-IN-WI Combined Statistical Area"340,"Sumter, SC Metropolitan Statistical Area","107480","107456",0.02%,341,"Decatur, IL Metropolitan Statistical Area","107303","110768",-3.13%,342,"Lewiston-Auburn, ME Metropolitan Statistical Area","107233","107702",-0.44%,"Portland-Lewiston-South Portland, ME Combined Statistical Area"343,"Bay City, MI Metropolitan Statistical Area","105659","107771",-1.96%,"Saginaw-Midland-Bay City, MI Combined Statistical Area"344,"Ithaca, NY Metropolitan Statistical Area","104926","101564",3.31%,"Ithaca-Cortland, NY Combined Statistical Area"345,"Lima, OH Metropolitan Statistical Area","104425","106331",-1.79%,"Lima-Van Wert-Celina, OH Combined Statistical Area"346,"Longview, WA Metropolitan Statistical Area","103468","102410",1.03%,"Portland-Vancouver-Salem, OR-WA Combined Statistical Area"347,"Gadsden, AL Metropolitan Statistical Area","103057","104430",-1.31%,348,"Grand Forks, ND-MN Metropolitan Statistical Area","102449","98461",4.05%,349,"Gettysburg, PA Metropolitan Statistical Area","102295","101407",0.88%,"Harrisburg-York-Lebanon, PA Combined Statistical Area"350,"Fond du Lac, WI Metropolitan Statistical Area","101973","101633",0.33%,351,"Cumberland, MD-WV Metropolitan Statistical Area","99979","103299",-3.21%,352,"Victoria, TX Metropolitan Statistical Area","99913","94003",6.29%,"Victoria-Port Lavaca, TX Combined Statistical Area"353,"Fairbanks, AK Metropolitan Statistical Area","99631","97581",2.10%,354,"Sebring, FL Metropolitan Statistical Area","99491","98786",0.71%,355,"Mankato-North Mankato, MN Metropolitan Statistical Area","99134","96740",2.47%,"Mankato-New Ulm-North Mankato, MN Combined Statistical Area"356,"Manhattan, KS Metropolitan Statistical Area","98545","92719",6.28%,"Manhattan-Junction City, KS Combined Statistical Area"357,"Cape Girardeau, MO-IL Metropolitan Statistical Area","97534","96275",1.31%,"Cape Girardeau-Sikeston, MO-IL Combined Statistical Area"358,"Hot Springs, AR Metropolitan Statistical Area","97177","96024",1.20%,"Hot Springs-Malvern, AR Combined Statistical Area"359,"Dubuque, IA Metropolitan Statistical Area","97125","93653",3.71%,360,"Cheyenne, WY Metropolitan Statistical Area","97121","91738",5.87%,361,"Rome, GA Metropolitan Statistical Area","96504","96317",0.19%,"Rome-Summerville, GA Combined Statistical Area"362,"Ames, IA Metropolitan Statistical Area","96021","89542",7.24%,"Des Moines-Ames-West Des Moines, IA Combined Statistical Area"363,"Ocean City, NJ Metropolitan Statistical Area","94727","97265",-2.61%,"Philadelphia-Reading-Camden, PA-NJ-DE-MD Combined Statistical Area"364,"Pine Bluff, AR Metropolitan Statistical Area","93696","100258",-6.55%,"Little Rock-North Little Rock, AR Combined Statistical Area"365,"Parkersburg-Vienna, WV Metropolitan Statistical Area","92332","92673",-0.37%,"Parkersburg-Marietta-Vienna, WV-OH Combined Statistical Area"366,"Corvallis, OR Metropolitan Statistical Area","87572","85579",2.33%,"Portland-Vancouver-Salem, OR-WA Combined Statistical Area"367,"Elmira, NY Metropolitan Statistical Area","87071","88830",-1.98%,"Elmira-Corning, NY Combined Statistical Area"368,"Bloomsburg-Berwick, PA Metropolitan Statistical Area","85229","85562",-0.39%,"Bloomsburg-Berwick-Sunbury, PA Combined Statistical Area"369,"Grand Island, NE Metropolitan Statistical Area","85066","81850",3.93%,370,"Grants Pass, OR Metropolitan Statistical Area","84745","82713",2.46%,"Medford-Grants Pass, OR Combined Statistical Area"371,"Pocatello, ID Metropolitan Statistical Area","83744","82839",1.09%,372,"Midland, MI Metropolitan Statistical Area","83632","83629",0.00%,"Saginaw-Midland-Bay City, MI Combined Statistical Area"373,"Kokomo, IN Metropolitan Statistical Area","82556","82752",-0.24%,"Kokomo-Peru, IN Combined Statistical Area"374,"Great Falls, MT Metropolitan Statistical Area","82278","81327",1.17%,375,"Casper, WY Metropolitan Statistical Area","82178","75450",8.92%,376,"Columbus, IN Metropolitan Statistical Area","81162","76794",5.69%,"Indianapolis-Carmel-Muncie, IN Combined Statistical Area"377,"Hinesville, GA Metropolitan Statistical Area","80198","77917",2.93%,"Savannah-Hinesville-Statesboro, GA Combined Statistical Area"378,"Danville, IL Metropolitan Statistical Area","79282","81625",-2.87%,379,"Walla Walla, WA Metropolitan Statistical Area","64282","62859",2.26%,380,"Enid, OK Metropolitan Statistical Area","63569","60580",4.93%,381,"Lewiston, ID-WA Metropolitan Statistical Area","62153","60888",2.08%,382,"Carson City, NV Metropolitan Statistical Area","54521","55274",-1.36%,"Reno-Carson City-Fernley, NV Combined Statistical Area"